{"type": "metrics", "dataset": "train", "precision": 0.9950765864332604, "balanced_accuracy": 0.8844189479806931, "recall": 0.7699470899470899, "f1_score": 0.8681541582150102}
{"type": "metrics", "dataset": "test", "precision": 0.6612068965517242, "balanced_accuracy": 0.6734250105591976, "recall": 0.4024134312696747, "f1_score": 0.5003261578604045}
{"type": "cm_matrix", "dataset": "train", "true_0": {"predicted_0": 16210, "predicted_1": 18}, "true_1": {"predicted_0": 1087, "predicted_1": 3638}}
{"type": "cm_matrix", "dataset": "test", "true_0": {"predicted_0": 6680, "predicted_1": 393}, "true_1": {"predicted_0": 1139, "predicted_1": 767}}
